EmployeeID,FullName,Email,PhoneNumber,SSN,Address,DateOfBirth,JobTitle,Department,Salary,Password
1,Allison Hill,jillrhodes@miller.com,890.838.6379,285-01-2616,"2351 Noah Knolls Suite 940, Herrerafurt, OH 38928",1989-05-12,Technical brewer,IT,132349.0,j@VqGLn0Eh0c
2,Danielle Ford,gabriellecameron@gmail.com,056.413.9537,406-83-7518,"88496 Cox Dam, Daviston, DE 20534",1975-08-22,"Pharmacist, hospital",Operations,48326.0,Rx6!ocR7&(KT
3,Ashley Garrett,nathanielmartin@sellers.com,(430)391-1718x227,563-22-4343,"83465 Lam Mission Apt. 331, Andrewside, OR 29365",1965-03-29,Building services engineer,HR,70007.0,Q8NRf0KcMI&@
4,Matthew Lucas,zchandler@wright.net,262.473.1781x080,096-97-3873,"3602 Smith Loaf Suite 746, Mooreport, AR 76415",2001-08-25,"Biochemist, clinical",Finance,47492.0,!P%Po^qpH9UU
5,Krystal Stewart,elizabethedwards@yahoo.com,(247)510-7991x1838,272-17-5719,"4278 Carr Valley, Lake Lisaport, CT 18102",1982-10-01,Commercial art gallery manager,HR,137310.0,Wf2YjOso&JI(
6,Michael Hoffman,landryhannah@gardner.org,+1-262-045-0533,683-14-5795,"232 Nicole Burg Apt. 563, Erikville, AZ 62195",1979-11-21,"Engineer, communications",Marketing,85830.0,%HH^aDPco3#q
7,Jeffrey Chandler,gobrien@gmail.com,(934)060-8835x6159,322-85-2042,"465 Terry Plaza Apt. 366, New Ashley, OH 00554",1985-06-06,Historic buildings inspector/conservation officer,IT,96346.0,MK)Ukk0&QY9m
8,David Alvarez,operry@lee.com,(016)328-7083,869-16-7479,"889 Dodson Mills Suite 872, Colebury, SC 36848",2000-03-23,Radio producer,IT,75992.0,*Cs^+Gj3I1MW
9,Pamela James,kenneth66@adkins.com,346.706.5627x2980,404-76-9247,"627 Brent Light, Jasonmouth, WV 50193",1983-09-09,"Pharmacist, community",Finance,149433.0,R@DAjahw2x7)
10,David Wood,tamirodriguez@hickman.biz,(319)314-9190x5865,071-65-5591,"1657 Ryan Street Suite 987, Grahamshire, MD 32678",1970-08-26,Health promotion specialist,Marketing,71963.0,G9oT3lvrd8!*
11,Peter Vaughn DDS,fmcguire@yahoo.com,634.957.8856,764-71-5420,"4431 Leslie Summit Apt. 337, Jennyhaven, LA 13677",1977-12-17,Housing manager/officer,IT,87301.0,#84SA)qwqUMK
12,Austin Vasquez,edwardhart@miller-wright.net,001-699-938-6774x96499,062-79-1626,"USNS Garrett, FPO AA 87064",1970-04-11,"Designer, graphic",IT,62782.0,I1MF98a^(7kV
13,Chase Baker,brownlaura@curry.com,464.887.7190x659,257-04-1497,"490 Thomas Run, Moonburgh, NE 83703",1998-03-19,"Chemist, analytical",Marketing,85607.0,5+IObHiv&6Kj
14,Cody Cox,nwolf@yahoo.com,+1-247-710-9324,565-02-9049,"71274 Perry Orchard, Sanchezside, MS 25484",1999-05-04,Copy,HR,76208.0,7!fZUqqLN5i&
15,Scott Jenkins,zthornton@yahoo.com,(270)289-5171x8702,420-84-2530,"9615 Finley Road Suite 809, East Crystalport, WA 12347",1994-04-14,Chief Technology Officer,HR,98153.0,C%4A6Icb0#Gc
16,David Scott,rsantana@moore.org,647-436-7136x9594,717-38-0360,"Unit 6409 Box 0974, DPO AE 80070",1988-09-22,English as a foreign language teacher,IT,121381.0,sZ2KUd&9%0)R
17,Roger Olson,linda71@gmail.com,001-368-516-0481x75496,843-82-6087,"0985 Deborah Roads, Blankenshipport, MT 15793",1974-04-07,Armed forces technical officer,HR,79893.0,*_LbDwhg+I*1
18,Jeremy Sampson,pollardmichael@hotmail.com,(064)317-1390x053,129-73-3363,"335 Kristina Ranch, West Micheleberg, ND 33354",1976-08-17,Clinical molecular geneticist,HR,57275.0,!B0$gQhNj5Zz
19,Judith Maynard,bboone@rodriguez.com,921-249-9856x98478,620-56-1625,"836 Beasley Loop, Mariafurt, VA 12964",1986-01-08,Physiotherapist,Finance,127177.0,u%n&*EvTVT%5
20,Dwayne Edwards,ericolson@bell.com,493-689-9809,674-89-4382,"455 Howard Divide Suite 120, Lake Alyssafurt, NH 45182",1975-06-19,Merchant navy officer,Finance,134581.0,r^h$TKJWIc9D
21,Mr. Andrew Foster,harrissierra@duran.com,076-226-8388,854-86-5803,"0715 Berry Station, Robertsfurt, MD 23028",1996-01-23,Medical illustrator,HR,97240.0,H3s@4j^YR2ND
22,Craig Morrison,stephanieburton@webster-wolf.info,+1-995-527-1774x49058,076-40-7566,"4119 Ford Plaza, South Reginashire, ID 42644",1997-02-12,Retail banker,IT,48109.0,*&Z#ekQXE1Zj
23,Brandon Gregory,jennifer92@yahoo.com,925-462-9148,386-83-5382,"685 Michael Falls, West Stacey, ID 30194",1974-02-11,"Designer, fashion/clothing",HR,78770.0,@r#Ci8Yrnjl0
24,Cynthia Wallace,pyoung@yahoo.com,359.774.6886x2392,894-33-0855,"181 Miller Estates Suite 782, Davisbury, NV 46321",1966-07-26,Patent examiner,HR,91964.0,(F#uoakm95dH
25,Alicia Lewis,srodriguez@turner.com,(971)179-8089x32460,630-46-3942,"185 Stephanie Plains, South Morganton, MS 49430",1982-01-05,"Administrator, sports",Finance,143352.0,a@5h)EDxncyH
26,Dakota Moody,sarah86@kennedy.com,(054)156-6765x277,377-67-4370,"69284 Garcia Islands Suite 479, Jacksonmouth, NV 06052",1988-09-28,Volunteer coordinator,Marketing,75986.0,_ECcw_vj#0jF
27,Tiffany Watson,alyssasanders@ramirez.com,868.144.7394x7312,874-10-7407,"55188 Vance Vista Apt. 258, North Tracie, DC 31530",1998-05-15,Agricultural engineer,Finance,112616.0,y5r%HfNz)UOB
28,Shawn Deleon,ryanbartlett@guerra.com,225-358-4143x8424,630-69-1531,"922 Kirby Port, Port Michelleland, SD 76099",1982-10-06,"Engineer, materials",Operations,94602.0,SZ)6lPuc+IM0
29,Jacob Hoffman,stevenadams@gmail.com,(104)696-3259,739-41-3111,"774 Johnson Lock Suite 339, Brandonport, PA 86256",1996-10-10,Higher education lecturer,Operations,41071.0,fiEHU2S^P@6z
30,Jennifer Norton,kari39@hotmail.com,(800)025-7872x9825,628-41-2663,"588 Erickson Hills Suite 055, South Brandytown, NJ 35304",2004-02-13,Technical brewer,IT,134555.0,QfjPm5fd!9II
31,Shelley Fitzgerald,aprilhoffman@mendoza.info,+1-585-497-3348,306-29-4877,"757 Castro Underpass, Keithshire, ND 50268",1991-08-08,Location manager,IT,78070.0,4K6c2Rvd!XW5
32,Gary Kennedy,oconnelltiffany@russell.info,+1-345-401-9380x2620,857-51-8117,"04991 Mitchell Row Suite 287, Jamesville, GA 96330",1995-12-25,Furniture designer,IT,41846.0,+i05Znj&b1_B
33,Paul Finley,greenmichael@gmail.com,1742684145,630-29-3591,"USCGC Hernandez, FPO AP 79896",1990-03-06,Pathologist,Operations,101712.0,cW3QRYth(s2R
34,Daniel Aguilar,dstokes@palmer.org,8740640391,047-55-5645,"70462 Katie Stream, Brooksfurt, MS 49737",1970-03-19,"Solicitor, Scotland",IT,125660.0,H)1FryMfJG4^
35,Amanda Keller,jamiegarcia@griffin.com,067.383.0284,240-94-9439,"42836 Hill Point Apt. 687, West Shellyfurt, NC 42278",1993-01-30,Osteopath,IT,79306.0,N&AelYTrT)23
36,Nathaniel Lee,mnunez@gmail.com,398-373-5403,195-95-1923,"93638 Rowe Light Suite 854, Michaelfort, CT 95189",1996-09-13,IT consultant,IT,88589.0,pg@S6B9s5U^S
37,Maria Henry,gary87@stark.com,010.062.3120x38750,633-82-7917,"88600 Nichols Heights, New Lisachester, HI 14527",1971-04-22,"Scientist, research (physical sciences)",IT,71584.0,$9HFITQ4ioap
38,Mark Warner,pbruce@knight-hodge.com,033.974.0148x90250,213-76-2363,"42939 Rhodes Plains Suite 621, Brianchester, CA 45143",1991-10-01,"Journalist, newspaper",HR,123115.0,EvPca&hle&7%
39,Brian Smith,rward@gmail.com,(126)788-8610,092-46-9081,"0466 Jenny Points Apt. 982, Jacksonview, KY 65135",1974-09-07,Biomedical scientist,IT,96973.0,jEvfO6Jp!H%G
40,Brandy Flores,zedwards@carter-neal.info,001-356-465-1939,559-24-9013,"374 Lori Underpass Suite 724, West Donna, NE 49913",1969-10-14,"Production assistant, radio",Operations,102814.0,)qR#xdmVt6qb
41,Maria Lucas,grodriguez@yahoo.com,888.993.7567,791-87-9644,"0714 Knapp Corner, Port Sheliaberg, ME 45467",1995-09-27,"Engineer, maintenance",Operations,103298.0,fL7$eDo(^ugQ
42,Crystal Sullivan,daniellereynolds@mclaughlin.info,001-660-334-1918,192-47-5341,"7859 Carr Radial, West Michaelmouth, HI 88789",1984-12-29,Volunteer coordinator,Operations,51108.0,5(2_KWUd_Ruu
43,Ernest Hayes,stephanie72@ochoa.net,+1-767-677-2190x3404,231-69-4730,"788 Ashley Grove Suite 807, South Curtis, SD 98981",1981-08-06,Human resources officer,HR,98947.0,%(m3gCpXo5km
44,Joshua Morris,ashley81@gmail.com,001-604-223-2536x72946,385-58-1238,"8457 Murphy Alley, Lake Teresastad, CA 70549",1991-10-26,Engineering geologist,Marketing,148114.0,$C7TNDIk*kM)
45,Michael Anderson,nancymcdowell@gmail.com,+1-541-520-6436x1103,489-10-2175,"05162 Jones Lights Apt. 115, Nicoleberg, WI 99218",1973-10-24,Customer service manager,HR,109534.0,0D)0uTu4s_)g
46,Bradley Tran,abbottdominique@yahoo.com,898.364.0376,116-31-8186,"055 Paul Villages, Diazburgh, NJ 10068",1965-11-20,Theatre manager,HR,41807.0,wH3BibHZ%+&^
47,Mark Davenport,holly30@miller.com,990.421.0202x758,530-93-4248,"410 Roman Groves, West Jennifershire, CA 65532",1995-09-24,Sales promotion account executive,Finance,47266.0,*jFb(g!p9$El
48,Jennifer Morris,joseph19@yahoo.com,802-380-6174,793-40-5363,"53494 Steven Ramp Suite 383, North Sarah, IN 71482",1988-04-29,Acupuncturist,Finance,40191.0,A_yJxX_x$5o6
49,Kathy Walsh,vargasbryan@hotmail.com,(344)565-5743,077-26-2231,"12775 Martinez Knolls, South Kyle, DE 12352",1975-06-24,Industrial buyer,Operations,45286.0,$5EcAm0wpTS*
50,Rodney Watson,samantha10@gonzalez.info,(151)070-2966,509-04-6271,"3244 Stephenson Bypass, Lake Kenneth, OH 63288",1968-11-25,Chartered loss adjuster,Finance,90202.0,#Q6lGzuESNtP
51,Daniel Huang,stokesthomas@yahoo.com,001-932-133-4803x96522,243-76-5211,"059 Anna Field Suite 842, Johnsonton, PA 29180",1966-02-09,Secretary/administrator,Marketing,40089.0,)ftoBGztjo^9
52,Gabrielle Morris,fconner@stewart.org,(392)644-2209x690,187-78-5214,"PSC 9391, Box 7251, APO AE 45958",1986-06-30,Diplomatic Services operational officer,HR,147696.0,75^6*!Oa+rOG
53,Laura Chang,shannonlloyd@phillips.com,152-621-8159,629-62-0508,"620 Mark Field, Terryside, TN 37400",1984-12-27,Field seismologist,HR,46505.0,+EJ99WRp09&o
54,Martin Hughes,cwood@gmail.com,774-349-0211x586,775-76-3728,"687 Thomas Common Suite 089, North Stacy, HI 22411",1979-03-04,"Engineer, automotive",IT,45593.0,&m_WBfl&n1pV
55,Ashley Hernandez,hartcraig@dillon-beard.biz,679-970-2462x996,040-51-5432,"745 Matthew Underpass, Larryfort, UT 90265",1971-06-09,Estate agent,IT,79384.0,7IZ1Ymki+mQ7
56,Samuel Suarez,jameswhitaker@wright.com,(345)786-1035x797,182-61-9616,"41406 Frank Ports Apt. 333, Denisehaven, WI 89918",1965-05-11,Public relations account executive,IT,124852.0,#avee8ZpL9AQ
57,Mary Bridges,kenneth17@gmail.com,454-443-2830x96520,672-64-4844,"6099 Matthew Station Apt. 875, Meganside, LA 13294",1996-10-15,"Conservation officer, historic buildings",Finance,135051.0,aV42JrFkM($Y
58,Sharon James,jbrown@gmail.com,569.725.2175,647-23-5135,"4329 Tracy Track, East Christinachester, NE 63074",1990-11-02,"Accountant, chartered management",HR,109963.0,$R@!A4qk*PA5
59,Kelly Hamilton,wendy75@martin.com,323.098.2150,385-82-4191,"010 Hannah Mall, Jamesside, NJ 92496",1975-03-04,"Engineer, land",HR,79467.0,7W_V*q((&221
60,Christopher Kelley,arivera@powers.org,+1-721-811-4374x47012,896-06-4761,"1100 Elizabeth Extension Suite 579, Natalieland, MA 24470",1972-07-01,Oncologist,Marketing,99839.0,la6(dWp+I%lc
61,Shari Hobbs,hknapp@alexander-brown.com,8993588916,678-94-4073,"89002 Christian Ways Apt. 175, West Tara, NY 29691",2002-03-19,Multimedia specialist,Marketing,147099.0,lLpLoOa*$1O&
62,Mary Bryant,marcia37@yahoo.com,+1-997-571-1305,364-82-4784,"102 Taylor Stravenue Suite 149, East David, MO 28758",1995-11-08,"Engineer, aeronautical",Finance,54125.0,VjUaw)OR&0ov
63,Robert Garcia,mbarnes@hotmail.com,001-346-547-2269x84858,648-28-3292,"522 Page Trace Suite 879, Craigside, NE 02174",2000-04-28,Clinical biochemist,HR,89921.0,2h+06od9##Vb
64,Kristina Young,housepaul@hotmail.com,800-439-7359x89334,460-23-1221,"816 Roy Point, Davidshire, KS 01240",1987-04-01,"Psychologist, prison and probation services",IT,45235.0,j5TAkSbe#wQk
65,Stephen Alvarado,kelly98@yahoo.com,+1-015-739-9305,391-15-6323,"85887 Williams Run Apt. 581, East Teresaside, AL 82674",1969-03-17,"Engineer, materials",IT,129837.0,n1gKG^c@&r^1
66,Susan Russell,bhamilton@yahoo.com,+1-180-919-0158x14491,289-98-7171,"2832 Robles Vista, Susanberg, TX 96095",1990-02-22,"Administrator, arts",Operations,112754.0,UaS1Bgf3t#_1
67,Robert Phelps,robertscarlos@gmail.com,975.523.1491,199-41-7961,"929 Aguirre Meadow Apt. 053, Lake Jodi, KY 47619",1973-11-22,Learning disability nurse,Marketing,100666.0,5(Z&8nr2*jYs
68,Patricia Lewis,amy87@rowe.org,001-427-881-6580x3928,144-58-2609,"750 Kathleen Fort, West Miketon, IL 68381",1989-05-02,Network engineer,Marketing,99591.0,*xY0UUkF!Vs^
69,Robert Reed,shawdon@gmail.com,184.322.2591,677-30-6794,"7739 Deborah Loop, East Bradleyshire, GA 18159",1999-08-21,Archaeologist,Operations,59249.0,QI2Irffw4!MN
70,Samantha White,jennifercooper@yahoo.com,+1-913-662-1038x862,621-13-2907,"811 Hopkins Rapids, Port Erikachester, MT 49047",1967-09-16,Senior tax professional/tax inspector,Marketing,70079.0,*tnUJ6its6SL
71,Adam Pena,jcox@yahoo.com,+1-944-869-5946x3688,495-23-6066,"4956 Melissa Shoals Apt. 372, East Williammouth, OH 80982",1968-04-17,"Designer, multimedia",Marketing,123345.0,!K14^#GpXQEW
72,Matthew Lara,arthurgreene@hotmail.com,001-392-053-0214x656,416-76-3282,"84895 Richmond Harbor, New Sylvia, MO 75855",1965-01-25,Games developer,IT,93363.0,PD(P7RkcK(16
73,Karen Scott,ericahall@yahoo.com,(588)043-4165x18275,363-28-9400,"3334 Jermaine Village, Port Christine, WI 14484",1972-11-28,Careers information officer,Marketing,120455.0,8BsrU8Bp!Hh)
74,Jennifer Parks,sbray@stevens.com,(915)594-2843x4795,375-24-8172,"556 Hayes Ports Apt. 931, Lindaside, MS 26199",1974-09-04,Dealer,Marketing,145600.0,)!YRNO6p$*23
75,George Ward,andrew15@hotmail.com,+1-399-824-5587x716,629-37-7599,"56996 Christian Junctions, West Logan, VT 35559",1991-08-31,Geoscientist,Marketing,142363.0,9o@favQ^^*%r
76,Luke Miller,jerome47@hotmail.com,(282)005-5778,279-71-7289,"979 Mills Route, Reginafort, IN 12239",1994-10-27,Insurance account manager,Finance,94028.0,%moJMauw2!J9
77,Stephen Kim,jenniferbrewer@walker-miller.com,944.846.3122x41797,279-90-8061,"08021 Adams Stravenue, Acostabury, FL 02431",1998-05-04,"Engineer, water",Finance,95082.0,%7^o_7HS1s6L
78,William Wright,stevenwise@wade.com,208-814-7435x03136,333-02-2743,"3009 Barker Drives, Kellibury, NM 12481",1987-10-13,Best boy,HR,86598.0,_)5ykhlr2dEW
79,Michael Lopez,mario74@rocha.com,448.570.8620x959,245-42-1038,"87829 Morris Row Suite 118, North Maryberg, AZ 26987",1972-01-14,"Radiographer, diagnostic",IT,52943.0,!Qd6Fm^u9OU^
80,Stephanie Short,allison14@blackburn.com,386-338-3928,768-72-6803,"761 Laura Plaza Suite 852, Mahoneymouth, MD 49223",1992-10-23,Planning and development surveyor,Finance,119745.0,$Sh9Rg!#9@)r
81,Rodney Norris,clintonstevens@gmail.com,(459)334-4196,583-28-1265,"79194 Jessica Ports Suite 105, Nicholechester, DE 30217",1965-07-13,Museum/gallery exhibitions officer,HR,79948.0,T(0+bKxrU&Jk
82,Amber Ross,xshaw@anderson.info,(938)983-3146x5911,688-53-6940,"5904 Vanessa Ridges, Hansonmouth, IN 26674",1990-03-11,"Designer, furniture",HR,54728.0,uqm@H(Lt+03Q
83,Brenda Hale,qaguilar@williams.org,070-164-5104x636,521-91-1632,"PSC 7981, Box 2387, APO AP 93885",1966-03-20,Archaeologist,IT,109391.0,%@cPmzy857Gz
84,Steven Sandoval,rmeyer@salas.org,(649)578-2329,555-88-3315,"826 Diana Port Apt. 518, East Lonnieberg, AK 42272",1992-12-05,Paramedic,Finance,98065.0,1)EyXWXy+4^j
85,Jacqueline Christian,mtaylor@gmail.com,6046333127,888-79-8028,"66096 Long Summit Apt. 817, Wilcoxton, IA 68488",2001-05-09,Occupational hygienist,HR,113098.0,x&Krj90uud8Y
86,Catherine Richards,cgutierrez@white.com,145.211.1751x868,627-21-6205,"59222 Kayla Center, Parkermouth, SC 24185",1972-10-01,"Conservator, museum/gallery",IT,40463.0,OOlWo4aL)4Ar
87,Christine Lopez,benjamin09@evans.biz,(249)998-2795,037-12-4904,"68147 David Wall Suite 586, Lake Jason, CT 75391",2000-09-30,Chartered loss adjuster,Marketing,134905.0,9XBZwE)TQ9O+
88,April Johnson,laurenduarte@williams-bailey.com,3441448850,117-88-5461,"35577 Debbie Orchard, Lake Steven, ND 44424",1996-03-22,Patent attorney,HR,149458.0,cTSUCtx%(4DF
89,Bruce Patton,jennifer46@gmail.com,357.438.4215x0317,519-04-7908,"PSC 2357, Box 8452, APO AE 68153",1973-10-13,"Engineer, land",HR,100210.0,B$o8Da*i&@iZ
90,Jeremy Wilson,joshuasmith@castro.net,424-932-1495x87020,483-87-0827,"66299 Jensen Inlet, Lisaside, WV 61540",2003-05-23,"Conservator, museum/gallery",HR,146542.0,+7iMwDsoE1tC
91,Gregory Murray,katrina99@romero.com,814-876-9639x38276,068-44-3412,"9583 Elaine Club Suite 199, Nguyenville, NV 23592",1985-09-18,"Optician, dispensing",HR,118415.0,CZ%Y_Uhmi@99
92,Elizabeth Bauer,wrobbins@gmail.com,001-098-624-0580,001-91-9176,"40369 Garrett Station Suite 666, Lake Glenn, ID 73301",1990-12-04,Media buyer,Marketing,60220.0,^@2OKzEaI%kW
93,Kristen Cole,jacobjacobs@hotmail.com,384.689.5009x7519,494-89-1312,"8189 John Roads Apt. 894, West Amandatown, NH 67696",1996-09-06,"Teacher, secondary school",Finance,95183.0,#^4fJ%Nf$zlY
94,Sarah Ramirez,joshua40@rodriguez.com,+1-752-437-2805x12927,771-53-6278,"239 Brown Greens Apt. 027, Alvarezfort, WV 70299",1980-08-26,Museum education officer,Marketing,102205.0,!%LcQn$tZw2t
95,Julia Leonard,aprilbyrd@edwards.com,061-817-5344,198-05-0389,"391 Christopher Rapids, South Diana, SD 74696",1977-04-29,Clinical psychologist,IT,73205.0,%u7JViBc^jGC
96,William Gonzalez,debbierodriguez@hotmail.com,001-639-174-1011x94707,153-84-0015,"USCGC Adams, FPO AP 43732",1991-05-20,"Teacher, special educational needs",HR,107552.0,+fm^PGnj(R7C
97,Maria Diaz DVM,randallkathleen@yahoo.com,+1-328-063-4615x7173,144-05-3164,"6184 Ferguson Village, Levytown, MA 07848",1987-09-26,Archivist,Marketing,55491.0,$R85vgO@tXOa
98,Anne Carr,wilsonbrooke@walker.biz,198-253-0925x11426,173-90-6061,"90219 Strickland Brook Suite 100, North Jasmine, LA 55056",1997-02-22,Computer games developer,IT,58754.0,I4X#1QwY_o!5
99,Victoria Romero,joshualee@gmail.com,+1-772-200-5436x45970,107-95-0860,"PSC 2207, Box 8113, APO AP 58804",2004-03-16,"Journalist, magazine",Marketing,66050.0,(4+I25Hy%K3X
100,Lynn Cantrell,david90@taylor-york.info,(253)492-9298x31687,883-28-9693,"0633 Hamilton Forges Apt. 906, North Vickiehaven, NE 70116",1991-08-02,Quality manager,HR,99302.0,*dC4E5zrb3LU
